Split,Train_Size,Test_Size,Accuracy,Macro_F1,ROC_AUC,Cohens_Kappa
"Temporal (train≤2018, test≥2019)",323048,80156,0.5245396476870103,0.4721617769951931,0.7562377493202475,0.32570288906118594
